stadium_code,stadium_name_ko,address,lng_x,lat_y,geocode_source,content,image_url,image_source_url,image_credit,image_credit_url,image_license_url
JAMSIL,잠실야구장,서울특별시 송파구 올림픽로 25,127.075940589715,37.5161987797456,KAKAO_LOCAL_ADDRESS_SEARCH,[잠실야구장] stadium_code: JAMSIL / stadium_name_ko: 잠실야구장 / address: 서울특별시 송파구 올림픽로 25 / geocode_source: KAKAO_LOCAL_ADDRESS_SEARCH,/images/stadiums/exteriors/jamsil.jpg,https://commons.wikimedia.org/wiki/File:Jamsil_Baseball_Stadium_Seoul.jpg,Arne Müseler · CC BY-SA 3.0,https://creativecommons.org/licenses/by-sa/3.0/de/deed.en,https://creativecommons.org/licenses/by-sa/3.0/de/deed.en
GOCHEOK,고척스카이돔,서울특별시 구로구 경인로 430,126.867088741096,37.4982125677913,KAKAO_LOCAL_ADDRESS_SEARCH,[고척스카이돔] stadium_code: GOCHEOK / stadium_name_ko: 고척스카이돔 / address: 서울특별시 구로구 경인로 430 / geocode_source: KAKAO_LOCAL_ADDRESS_SEARCH,/images/stadiums/exteriors/gocheok.jpg,https://culture.seoul.go.kr/night/sub/viewSpot/view.do?viewId=55,서울문화포털,https://culture.seoul.go.kr/night/sub/viewSpot/view.do?viewId=55,
MUNHAK,인천 SSG 랜더스필드,인천광역시 미추홀구 매소홀로 618,126.690759830613,37.4350819826381,KAKAO_LOCAL_ADDRESS_SEARCH,[인천 SSG 랜더스필드] stadium_code: MUNHAK / stadium_name_ko: 인천 SSG 랜더스필드 / address: 인천광역시 미추홀구 매소홀로 618 / geocode_source: KAKAO_LOCAL_ADDRESS_SEARCH,/images/stadiums/exteriors/munhak-exterior.jpg,https://commons.wikimedia.org/wiki/File:SSG_%EB%9E%9C%EB%8D%94%EC%8A%A4%ED%95%84%EB%93%9C_%EC%A0%84%EA%B2%BD_2024.jpg,Narubaru7 · CC BY 4.0,https://creativecommons.org/licenses/by/4.0/,https://creativecommons.org/licenses/by/4.0/
SUWON,수원 KT 위즈 파크,경기도 수원시 장안구 경수대로 893,127.011348102567,37.2978428909635,KAKAO_LOCAL_ADDRESS_SEARCH,[수원 KT 위즈 파크] stadium_code: SUWON / stadium_name_ko: 수원 KT 위즈 파크 / address: 경기도 수원시 장안구 경수대로 893 / geocode_source: KAKAO_LOCAL_ADDRESS_SEARCH,/images/stadiums/exteriors/suwon.jpg,https://commons.wikimedia.org/wiki/File:Suwon_kt_wiz_Park.jpg,Nt · CC BY 4.0,https://creativecommons.org/licenses/by/4.0/,https://creativecommons.org/licenses/by/4.0/
DAEJEON,대전 한화생명 볼파크,대전광역시 중구 대종로 373,127.428013823451,36.3173370007388,KAKAO_LOCAL_ADDRESS_SEARCH,[대전 한화생명 볼파크] stadium_code: DAEJEON / stadium_name_ko: 대전 한화생명 볼파크 / address: 대전광역시 중구 대종로 373 / geocode_source: KAKAO_LOCAL_ADDRESS_SEARCH,/images/stadiums/exteriors/daejeon.jpg,https://www.hanwhaeagles.co.kr/MN/EP/MNEPPI01.do,한화이글스,https://www.hanwhaeagles.co.kr/MN/EP/MNEPPI01.do,
DAEGU,대구 삼성 라이온즈 파크,대구광역시 수성구 야구전설로 1,128.681236372268,35.8411289243023,KAKAO_LOCAL_ADDRESS_SEARCH,[대구 삼성 라이온즈 파크] stadium_code: DAEGU / stadium_name_ko: 대구 삼성 라이온즈 파크 / address: 대구광역시 수성구 야구전설로 1 / geocode_source: KAKAO_LOCAL_ADDRESS_SEARCH,/images/stadiums/exteriors/daegu.jpg,https://commons.wikimedia.org/wiki/File:Daegu_Samseong_Lions_Park.jpg,Neoalpha · CC0,https://creativecommons.org/publicdomain/zero/1.0/,https://creativecommons.org/publicdomain/zero/1.0/
GWANGJU,광주-KIA 챔피언스 필드,전남광주통합특별시 북구 서림로 10,126.888805470329,35.1694249627659,KAKAO_LOCAL_ADDRESS_SEARCH,[광주-KIA 챔피언스 필드] stadium_code: GWANGJU / stadium_name_ko: 광주-KIA 챔피언스 필드 / address: 전남광주통합특별시 북구 서림로 10 / geocode_source: KAKAO_LOCAL_ADDRESS_SEARCH,/images/stadiums/exteriors/gwangju.png,https://commons.wikimedia.org/wiki/File:20250628_Gwangju-Kia_Champions_Field_Jjw_001.png,Jjw · CC BY-SA 4.0,https://creativecommons.org/licenses/by-sa/4.0/,https://creativecommons.org/licenses/by-sa/4.0/
SAJIK,사직야구장,부산광역시 동래구 사직로 45,129.059900885997,35.194366802896,KAKAO_LOCAL_ADDRESS_SEARCH,[사직야구장] stadium_code: SAJIK / stadium_name_ko: 사직야구장 / address: 부산광역시 동래구 사직로 45 / geocode_source: KAKAO_LOCAL_ADDRESS_SEARCH,/images/stadiums/exteriors/sajik.gif,https://www.giantsclub.com/html/?pcode=207,롯데자이언츠,https://www.giantsclub.com/html/?pcode=207,
CHANGWON,창원 NC 파크,경상남도 창원시 마산회원구 삼호로 63,128.579580117268,35.2219848625101,KAKAO_LOCAL_ADDRESS_SEARCH,[창원 NC 파크] stadium_code: CHANGWON / stadium_name_ko: 창원 NC 파크 / address: 경상남도 창원시 마산회원구 삼호로 63 / geocode_source: KAKAO_LOCAL_ADDRESS_SEARCH,/images/stadiums/exteriors/changwon.png,https://www.ncdinos.com/dinos/stadium.do,NC 다이노스,https://www.ncdinos.com/dinos/stadium.do,
